http://47.56.110.204:8989,ZZ,Unknown
http://203.19.38.114:1080,CN,
http://117.54.114.102:80,ID,Unknown
http://123.30.154.171:7777,VN,
http://154.65.39.7:80,SN,Unknown
http://31.148.207.153:80,UA,Unknown
http://183.215.23.242:9091,CN,Changsha
http://8.209.255.13:3128,JP,Tokyo
http://47.91.65.23:3128,DE,Frankfurt am Main
http://45.65.138.48:999,CO,Unknown
http://45.65.137.218:999,CO,Unknown
http://129.205.198.122:8080,BW,Unknown
http://84.39.112.144:3128,ZZ,Unknown
http://154.73.28.253:8080,LY,Unknown
http://97.74.87.226:80,ZZ,Unknown
http://187.111.144.102:8080,BR,Unknown
http://103.155.190.242:8080,ID,Unknown
http://183.109.79.187:80,KR,Yeongdeungpo-gu
http://47.176.240.250:4228,US,Unknown
http://119.93.64.216:8082,PH,Unknown
http://190.7.138.78:8080,CO,Unknown
http://45.177.16.129:999,PY,Unknown
http://203.175.103.25:8080,ID,Unknown
http://187.251.224.167:8081,MX,Unknown
http://109.127.82.4:8085,IQ,Unknown
http://91.241.217.58:9090,UA,Unknown
http://83.168.74.163:8080,PL,Unknown
http://212.127.95.235:8081,PL,Wroclaw
http://182.155.254.159:80,TW,Unknown
http://38.7.221.191:8080,CL,Unknown
http://38.194.251.246:999,MX,Unknown
http://222.213.85.99:9002,CN,Unknown
http://47.245.30.253:8080,JP,Unknown
http://125.27.24.41:8080,TH,Unknown
http://189.72.85.254:8080,BR,Unknown
http://96.30.79.84:8081,TH,Unknown
http://103.169.132.58:8085,ID,Unknown
http://103.51.205.168:8080,ID,Unknown
http://177.234.217.44:999,EC,Unknown
http://177.234.217.43:999,EC,Unknown
http://141.136.63.126:8080,VE,Unknown
http://191.252.204.220:8080,BR,Unknown
http://38.194.246.34:999,MX,Unknown
http://210.87.125.58:1080,ID,Unknown
http://102.207.128.3:8080,AO,Unknown
http://191.97.14.189:999,CO,Unknown
http://190.185.112.58:999,HN,Unknown
http://103.191.129.245:8020,ID,Unknown
http://103.10.55.137:8664,BD,Unknown
http://8.213.151.128:3128,KR,Unknown
http://47.91.104.88:3128,AE,Dubai
http://177.234.217.45:999,EC,Unknown
http://160.19.19.23:8080,ID,Unknown
http://103.156.17.39:8818,ID,Unknown
http://38.7.16.194:999,MX,Unknown
http://47.89.184.18:3128,US,
http://170.245.132.85:999,PY,Unknown
http://5.102.109.41:999,MX,San Jos? Iturbide
http://138.59.11.192:999,VE,Unknown
http://182.16.171.101:8080,ID,Unknown
http://27.124.81.146:8080,ID,Unknown
http://103.153.39.35:8083,PK,Unknown
http://36.67.114.94:8187,ID,Unknown
http://103.76.201.109:8080,ID,Unknown
http://36.64.214.203:6969,ID,Unknown
http://45.168.236.54:3128,MX,Unknown
http://103.247.240.34:8080,ID,Unknown
http://157.66.50.125:1111,ID,Unknown
http://160.251.142.232:80,JP,Unknown
http://103.54.80.151:8080,ID,Unknown
http://45.4.202.170:999,EC,Unknown
http://103.155.198.253:8006,ID,Unknown
http://103.188.169.160:7777,ID,Unknown
http://103.157.117.226:81,ID,Unknown
http://45.177.16.132:999,PY,Unknown
http://46.252.35.91:8080,AL,Unknown
http://103.171.245.184:1080,ID,Unknown
http://200.10.30.18:999,CO,Unknown
http://103.169.254.105:8080,ID,Unknown
http://103.147.246.184:3127,ID,Unknown
http://103.155.62.141:8081,PK,Unknown
http://106.0.168.138:8080,TH,Unknown
http://103.189.123.110:8080,ID,Unknown
http://103.141.150.147:8080,ID,Unknown
http://157.10.89.203:8880,ID,Unknown
http://103.191.196.212:8080,ID,Unknown
http://87.239.31.42:80,RU,Unknown
http://103.17.246.60:1080,ID,Unknown
http://103.193.144.99:8080,ID,Unknown
http://103.210.22.17:3128,SG,Unknown
http://103.161.153.177:1080,BD,Unknown
http://103.165.157.247:8088,ID,Unknown
http://170.245.132.86:999,PY,Unknown
http://152.166.69.34:8080,DO,Unknown
http://103.153.62.155:8080,ID,Unknown
http://160.119.228.146:12354,ZA,Unknown
http://14.225.240.23:8562,VN,Unknown
http://202.154.18.56:8080,ID,Unknown
http://103.155.199.67:8080,ID,Unknown
http://76.169.128.104:8080,US,Unknown
http://103.169.133.118:8085,ID,Unknown
http://46.185.34.136:8187,UA,Unknown
http://103.231.236.227:8182,ID,Unknown
http://58.69.1.146:8082,PH,Unknown
http://102.0.16.252:8080,KE,Unknown
http://45.230.170.30:999,VE,Unknown
http://114.141.51.51:8080,ID,Unknown
http://176.208.101.50:8080,RU,Unknown
http://123.25.234.143:8090,VN,Unknown
http://27.147.131.122:8090,BD,Unknown
http://41.203.83.242:8080,NG,Unknown
http://119.155.143.218:8080,PK,Unknown
http://45.168.49.2:8080,BR,Unknown
http://38.194.235.146:999,MX,Unknown
http://103.85.183.30:4995,BD,Unknown
http://38.65.174.107:999,MX,Unknown
http://98.154.21.253:4228,US,Unknown
http://102.68.128.211:8080,LY,Unknown
http://197.232.158.189:41890,KE,Unknown
http://91.204.190.140:81,AM,Unknown
http://103.122.1.14:8181,ID,Unknown
http://103.242.104.151:8080,ID,Unknown
http://190.15.194.72:8080,AR,Unknown
http://103.191.254.245:1024,ID,Unknown
http://186.235.123.3:8080,BR,Unknown
http://200.115.96.50:999,HN,Unknown
http://190.12.150.244:999,EC,Rosa Zarate
http://103.155.199.68:7777,ID,Unknown
http://103.171.255.170:8080,ID,Unknown
http://213.169.33.12:8001,BG,Unknown
http://103.238.232.34:1111,ID,Unknown
http://186.235.123.9:8080,BR,Unknown
http://103.164.171.210:8080,ID,Unknown
http://103.147.134.121:8080,ID,Unknown
http://190.97.226.48:999,VE,Unknown
http://115.147.8.120:8082,PH,Unknown
http://41.223.119.156:3128,ZM,Lusaka
http://202.35.251.72:8080,JP,Unknown
http://110.235.250.77:8080,KH,Unknown
http://103.8.59.12:8080,ID,Unknown
http://103.217.213.124:32650,IN,Unknown
http://74.62.179.122:8080,US,Unknown
http://180.211.161.110:8080,BD,Unknown
http://45.179.246.65:999,CO,Unknown
http://103.164.214.122:8080,ID,Unknown
http://103.156.16.227:8080,ID,Unknown
http://27.123.1.46:3128,ID,Unknown
http://154.73.28.89:8080,LY,Unknown
http://45.177.16.137:999,PY,Unknown
http://103.189.249.196:1111,ID,Unknown
http://103.86.117.58:8080,ID,Unknown
http://200.70.35.2:8080,AR,Unknown
http://103.88.91.14:8080,ID,Unknown
http://123.200.7.110:8080,BD,Unknown
http://182.176.164.41:8080,PK,Unknown
http://161.49.215.28:10101,PH,Unknown
http://45.170.128.125:999,PY,Unknown
http://103.101.216.70:8080,ID,Unknown
http://193.43.140.85:8080,SY,Unknown
http://119.82.242.200:8080,ID,Unknown
http://103.190.60.30:9090,ID,Unknown
http://103.31.235.197:1111,ID,Unknown
http://192.203.0.118:999,PR,Unknown
http://38.188.48.73:8080,VE,Unknown
http://124.158.191.101:8080,ID,Unknown
http://190.242.157.215:8080,CO,Cali
http://103.154.230.92:8090,ID,Unknown
http://103.161.69.252:2698,BD,Unknown
http://103.199.215.43:6262,IN,Unknown
http://202.159.35.84:9933,ID,Unknown
http://139.5.155.245:57412,ID,Unknown
http://103.141.105.74:55,ID,Unknown
http://52.188.28.218:3128,ZZ,Unknown
http://43.245.85.46:808,NP,Unknown
http://157.10.90.47:8080,ID,Unknown
http://103.13.204.11:8090,ID,Unknown
http://177.234.194.31:999,EC,Unknown
http://177.234.194.30:999,EC,Unknown
http://210.79.146.107:8090,ID,Unknown
http://217.29.208.206:9999,ZA,Unknown
http://210.87.74.31:8080,ID,Unknown
http://43.251.215.2:8080,IN,Unknown
http://211.230.49.122:3128,ZZ,Unknown
http://176.100.60.249:3128,UA,Unknown
http://45.232.152.2:8080,AR,Unknown
http://103.185.43.242:8080,ID,Unknown
http://103.191.169.70:8080,ID,Unknown
http://203.172.136.211:8080,TH,Unknown
http://112.198.178.194:8080,PH,Unknown
http://103.154.230.80:8090,ID,Unknown
http://103.152.238.29:1080,ID,Unknown
http://201.230.15.57:999,PE,Unknown
http://170.81.241.226:999,PE,Unknown
http://103.154.230.88:8090,ID,Unknown
http://103.191.218.115:8888,ID,Unknown
http://103.189.116.110:8080,ID,Unknown
http://103.153.149.229:1111,ID,Unknown
http://148.113.172.51:8080,CA,
http://208.163.39.218:53281,JM,Unknown
http://177.234.217.82:999,EC,Unknown
http://182.253.6.236:8080,ID,Unknown
http://187.102.219.32:999,AR,Unknown
http://46.47.197.210:3128,ZZ,Unknown
http://197.157.140.150:8080,RW,Unknown
http://122.53.64.156:8081,PH,Unknown
http://103.178.2.127:8080,ID,Unknown
http://36.88.150.66:8080,ID,Unknown
http://103.97.140.17:8080,ID,Unknown
http://194.124.36.12:8080,ZZ,Unknown
http://45.186.208.34:8080,VE,Unknown
http://91.121.63.51:1080,FR,Unknown
http://89.200.217.250:8080,ZZ,Unknown
http://123.200.7.190:2314,BD,Unknown
http://112.78.155.181:3128,ID,Unknown
http://170.245.132.81:999,PY,Unknown
http://147.75.68.85:443,US,Unknown
http://103.248.9.202:8097,ID,Unknown
http://103.69.106.154:8181,ID,Unknown
http://119.93.252.134:1452,PH,Unknown
http://131.196.245.120:999,MX,Unknown
http://202.145.5.184:8080,ID,Unknown
http://187.102.219.42:999,AR,Unknown
http://187.102.219.64:999,AR,Unknown
http://103.125.17.98:8080,ID,Unknown
http://103.46.8.102:8080,ID,Unknown
http://8.243.197.200:999,EC,Unknown
http://103.193.145.155:8080,ID,Unknown
http://61.91.202.211:8080,TH,Unknown
http://103.120.76.34:8085,ID,Unknown
http://36.64.86.11:8080,ID,Unknown
http://45.186.6.104:3128,EC,Unknown
http://163.223.78.107:8080,ID,Unknown
http://177.234.217.83:999,EC,Unknown
http://45.224.31.13:999,AR,Unknown
http://201.184.128.170:8080,CO,Unknown
http://124.107.173.219:8082,PH,Unknown
http://103.182.189.250:8080,ID,Unknown
http://203.210.84.100:8182,ID,Unknown
http://187.62.241.137:8080,BR,Unknown
http://103.101.193.170:1111,ID,Unknown
http://160.25.119.61:8080,ID,Unknown
http://103.239.23.133:3125,ID,Unknown
http://103.219.160.145:6565,BD,Unknown
http://103.144.18.70:3128,ID,Unknown
http://103.169.238.65:8090,ID,Unknown
http://41.216.186.73:8080,ID,Unknown
http://217.28.18.4:8103,GB,Unknown
http://163.61.245.58:8080,ID,Unknown
http://115.178.53.117:8080,ID,Unknown
http://103.175.202.178:8090,ID,Unknown
http://200.174.198.32:8888,ZZ,Unknown
http://177.10.202.115:35452,BR,Unknown
http://103.172.120.93:8080,ID,Unknown
http://177.39.72.73:8080,BR,Unknown
http://103.184.67.115:8080,ID,Unknown
http://103.139.99.190:8080,ID,Unknown
http://154.73.28.205:8080,LY,Unknown
http://103.156.96.69:8088,ID,Unknown
http://163.223.117.255:8888,ID,Unknown
http://157.66.2.100:1111,ID,Unknown
http://103.162.54.26:1111,ID,Unknown
http://101.255.122.170:8080,ID,Unknown
http://103.72.89.116:8097,ID,Unknown
http://103.3.246.71:3128,VN,Unknown
http://103.183.58.198:8181,ID,Unknown
http://103.17.214.186:8080,KH,Unknown
http://103.177.20.21:8181,ID,Unknown
http://103.68.214.164:8080,ID,Unknown
http://93.42.151.100:8080,IT,Naples
http://49.156.44.114:8080,KH,Phnom Penh
http://79.110.200.148:8081,PL,Wroclaw
http://157.15.139.97:8080,ID,Unknown
http://103.188.168.76:8097,ID,Unknown
http://115.245.89.250:8080,IN,Unknown
http://112.202.246.202:8181,PH,Unknown
http://157.10.192.4:8080,ID,Unknown
http://160.19.19.101:8080,ID,Unknown
http://183.110.216.128:8090,KR,
http://183.110.216.159:8090,KR,Unknown
http://202.6.206.78:8082,PH,Unknown
http://200.48.35.123:999,PE,Unknown
http://190.242.60.137:999,CO,Unknown
http://213.73.25.230:8080,ZZ,Unknown
http://200.59.186.176:999,VE,Unknown
http://200.59.186.179:999,VE,Unknown
http://181.204.190.236:999,CO,Unknown
http://38.172.160.160:999,VE,Unknown
http://185.86.195.166:8080,AM,Unknown
http://38.211.24.70:8090,ID,Unknown
http://38.52.135.96:8181,PY,Unknown
http://103.132.53.47:8080,ID,Unknown
http://160.22.221.15:8080,ID,Unknown
http://103.174.237.69:8080,ID,Unknown
http://5.128.120.101:8181,RU,Unknown
http://183.110.216.159:8091,KR,Unknown
http://103.14.150.22:8080,BD,Unknown
http://49.145.125.122:9999,PH,Unknown
http://200.24.130.150:999,EC,Unknown
http://154.236.191.38:1981,EG,Unknown
http://200.24.130.144:999,EC,Unknown
http://180.211.177.206:58080,BD,Unknown
http://200.24.130.149:999,EC,Unknown
http://183.110.216.128:8091,KR,Unknown
http://8.243.196.49:999,EC,Unknown
http://217.113.25.196:8080,AM,Yerevan
http://163.227.146.38:8080,ID,Unknown
http://202.154.18.80:8082,ID,Unknown
http://89.43.132.75:8080,GB,Unknown
http://179.49.201.196:999,EC,Unknown
http://202.58.77.28:7777,ID,Unknown
http://51.81.6.158:3128,US,Unknown
http://43.224.119.194:1120,BD,Unknown
http://200.59.191.232:999,VE,Unknown
http://200.59.191.233:999,VE,Unknown
http://200.59.191.234:999,VE,Unknown
http://195.93.172.32:3128,UA,Unknown
http://82.129.233.4:1976,EG,Unknown
http://103.172.70.47:1111,ID,Unknown
http://190.95.132.188:999,EC,Unknown
http://103.255.132.215:1111,ID,Unknown
http://45.225.207.182:999,CL,Unknown
http://45.225.207.183:999,CL,Unknown
http://45.177.178.23:999,MX,Unknown
http://45.180.140.241:8080,EC,Unknown
http://8.243.197.201:999,EC,Unknown
http://38.211.24.114:8090,ID,Unknown
http://23.190.168.41:80,US,Unknown
http://102.223.9.53:80,ZZ,Unknown
http://185.135.69.34:80,IQ,Unknown
http://212.114.194.73:80,DE,Unknown
http://200.24.159.230:8080,EC,Unknown
http://50.203.147.159:80,US,Unknown
http://212.114.194.79:80,DE,Unknown
http://197.221.249.199:80,ZW,Unknown
http://176.126.164.213:80,ZZ,Unknown
http://212.114.194.75:80,ZZ,Unknown
http://212.114.194.72:80,DE,Unknown
http://185.187.92.42:80,LB,Unknown
http://62.113.119.14:8080,RU,Unknown
http://103.125.31.222:80,ZZ,Unknown
http://27.34.242.98:80,ZZ,Unknown
http://197.221.234.149:80,ZW,Unknown
http://51.141.175.118:80,US,
http://40.89.145.14:80,FR,Paris
http://147.231.163.133:80,ZZ,Unknown
http://45.59.186.60:80,ZZ,Unknown
http://178.212.144.7:80,PL,Unknown
http://188.239.43.6:80,SG,Singapore
http://4.213.167.178:80,IN,Pune
http://212.47.232.28:80,FR,Unknown
http://196.1.97.198:80,SN,
http://34.44.49.215:80,ZZ,Unknown
http://172.200.72.48:80,US,Boydton
http://89.43.133.197:8080,GB,Unknown
http://181.119.84.221:8080,CO,Unknown
http://174.136.204.40:80,ZZ,Unknown
http://95.216.49.153:80,ZZ,Unknown
http://139.162.46.62:3128,SG,Unknown
http://43.200.30.144:80,KR,Incheon
http://4.213.98.253:80,IN,Pune
http://74.176.195.135:80,JP,Tokyo
http://103.191.58.210:8080,ID,Unknown
http://160.19.19.226:8080,ID,Unknown
http://48.210.225.96:80,JP,Tokyo
http://41.220.16.214:80,ZZ,Unknown
http://50.203.147.156:80,US,Unknown
http://202.133.88.173:80,ZZ,Unknown
http://91.99.181.245:80,DE,Unknown
http://89.116.88.19:80,ZZ,Unknown
http://50.203.147.153:80,US,Unknown
http://50.203.147.152:80,US,Unknown
http://157.180.118.86:80,ZZ,Unknown
http://197.221.240.176:80,ZZ,Unknown
http://176.61.151.123:80,ZZ,Unknown
http://103.253.43.144:80,HK,
http://172.237.73.24:80,ZZ,Unknown
http://202.5.53.145:9355,BD,Unknown
http://94.248.216.229:8080,HU,Unknown
http://113.212.111.4:80,BD,Unknown
http://210.79.142.217:8085,ID,Unknown
http://172.193.178.226:80,US,Unknown
http://31.134.242.73:3128,RU,Unknown
http://59.6.25.118:3128,KR,Jungnang-gu
http://95.179.242.209:80,ZZ,Unknown
http://151.245.215.30:3128,AE,Unknown
http://38.191.161.178:999,DO,Unknown
http://181.119.84.218:8080,CO,Unknown
http://190.95.132.190:999,EC,Unknown
http://151.245.215.29:3128,AE,Unknown
http://103.22.99.43:8085,ID,Unknown
http://103.154.230.94:8090,ID,Unknown
http://202.191.127.9:1121,BD,
http://36.50.92.145:8080,ID,Unknown
http://150.107.140.238:3128,ZZ,Unknown
http://103.132.41.189:8080,ID,Unknown
http://27.124.75.77:8080,ID,Unknown
http://95.66.138.21:8880,RU,Unknown
http://196.219.64.252:8080,EG,Unknown
http://103.56.205.84:8080,ID,Unknown
http://103.93.193.141:58080,IN,Unknown
http://103.66.62.177:8080,ID,Unknown
http://103.124.136.251:8080,ID,Unknown
http://116.171.106.111:3000,CN,
http://38.60.196.214:80,ZZ,Unknown
http://103.35.188.243:3128,ZZ,Unknown
http://203.196.8.6:3128,CN,Unknown
http://103.229.164.178:3128,ID,
http://103.153.202.221:8080,ZZ,Unknown
http://110.159.123.225:8080,MY,Unknown
http://103.155.130.134:8082,IN,Unknown
http://103.190.108.97:3128,ID,Unknown
http://163.61.55.117:8081,ID,Unknown
http://119.82.242.205:8080,ID,Unknown
http://212.114.194.76:80,ZZ,Unknown
http://119.93.83.106:8082,PH,Unknown
http://160.250.197.49:8080,BD,Unknown
http://162.245.85.36:80,ZZ,Unknown
http://162.223.90.144:80,ZZ,Unknown
http://126.209.104.9:8082,PH,Unknown
http://103.189.11.141:8888,BD,Unknown
http://103.179.182.185:8181,ID,Unknown
http://103.171.150.205:8080,ID,Unknown
http://117.18.20.102:8081,ID,Unknown
http://200.125.170.218:999,DO,Unknown
http://103.67.46.241:8080,ID,Unknown
http://103.67.80.123:1111,ID,Unknown
http://103.166.124.226:8080,ID,Unknown
http://103.154.214.50:3128,ID,Unknown
http://103.188.168.75:3125,ID,Unknown
http://180.191.232.148:8082,PH,Unknown
http://103.162.63.166:1111,ID,Unknown
http://190.119.132.62:80,ZZ,Unknown
http://175.138.231.145:80,ZZ,Unknown
http://181.71.64.26:8080,CO,Unknown
http://190.119.132.61:80,ZZ,Unknown
http://203.146.80.235:8080,TH,Unknown
http://49.146.238.76:8080,PH,Unknown
http://103.174.122.230:8080,ID,Unknown
http://181.78.202.28:8080,EC,Unknown
http://45.188.108.6:8080,MX,Unknown
http://38.199.71.84:999,CO,Unknown
http://113.160.130.82:443,VN,Unknown
http://170.247.200.138:8088,BR,Unknown
http://190.97.254.250:999,VE,Unknown
http://188.116.37.3:8090,PL,Unknown
http://218.77.58.183:8091,CN,Unknown
http://38.158.83.129:999,PE,Unknown
http://20.83.26.240:3128,US,Unknown
http://45.166.72.35:999,PE,Unknown
http://205.164.192.115:999,MX,Yur?cuaro
http://202.133.66.196:8181,ID,Unknown
http://202.4.117.136:3128,BD,Unknown
http://103.75.52.123:7979,ID,Unknown
http://41.185.72.62:3030,ZA,Unknown
http://103.160.182.80:1010,ID,Unknown
http://123.200.3.221:2314,BD,Unknown
http://165.101.102.30:8081,PH,Unknown
http://38.123.220.190:8080,MX,Unknown
http://197.155.64.226:8090,KE,Unknown
http://187.251.230.15:8080,MX,Unknown
http://147.45.179.180:1081,GB,Unknown
http://103.106.115.118:8097,ID,Unknown
http://103.156.14.54:8080,ID,Unknown
http://157.120.34.237:3128,JP,Unknown
http://187.102.219.34:999,AR,Unknown
http://103.93.93.221:8181,ID,Unknown
http://178.22.31.205:1081,AT,Unknown
http://103.175.237.36:8080,ID,Unknown
http://195.123.209.48:3128,LV,Unknown
http://89.238.200.81:80,RO,Unknown
http://14.224.181.172:8080,VN,Unknown
http://91.233.223.147:3128,RU,Unknown
http://207.230.8.66:999,CO,Unknown
http://62.182.204.81:88,RU,Unknown
http://119.18.145.51:4126,BD,Unknown
http://103.193.145.22:8082,ID,Unknown
http://83.219.145.106:3128,RU,Unknown
http://118.193.37.241:3129,ZZ,Unknown
http://103.110.11.219:8080,ID,Unknown
http://79.110.202.131:8081,PL,Unknown
http://38.190.100.107:999,PE,Unknown
http://190.60.56.226:999,CO,Unknown
http://181.209.59.182:999,AR,Unknown
http://154.0.153.10:8080,TZ,Unknown
http://202.47.162.58:8181,ID,Unknown
http://115.114.77.133:9090,IN,Unknown
http://185.185.40.118:3128,ZZ,Unknown
http://103.190.60.29:9090,ID,Unknown
http://154.59.59.89:999,VE,Unknown
http://38.191.203.229:999,CO,Unknown
http://27.147.137.234:9108,BD,Unknown
http://38.211.76.201:999,CO,Unknown
http://95.213.217.168:52004,RU,St Petersburg
http://59.153.18.93:20909,BD,Unknown
http://43.225.151.30:20505,BD,Unknown
http://59.153.18.142:20909,BD,Unknown
http://59.153.18.230:20909,BD,Unknown
http://46.161.6.165:8080,ZZ,Unknown
http://202.65.158.237:84,IN,Unknown
http://179.0.183.182:999,AR,Unknown
http://154.65.39.8:80,ZZ,Unknown
http://59.153.16.214:20909,BD,Unknown
http://59.153.16.167:20909,BD,Unknown
http://59.153.16.92:20909,BD,Unknown
http://186.18.198.45:8080,AR,Unknown
http://171.4.177.114:8080,TH,Unknown
http://103.67.48.68:10001,ID,Unknown
http://160.19.16.86:1111,ID,Unknown
http://46.29.162.166:80,ZZ,Unknown
http://160.20.38.102:8080,ID,Unknown
http://65.20.237.105:8080,IQ,Unknown
http://186.180.66.138:8080,CO,Unknown
http://185.144.60.130:8095,RU,Unknown
http://150.136.254.73:443,US,Unknown
http://157.230.106.35:8080,ZZ,Unknown
http://103.189.254.28:2222,ID,Unknown
http://160.191.173.51:8080,ID,Unknown
http://103.156.17.157:8818,ID,Unknown
http://185.191.236.162:3128,CH,Unknown
http://24.152.58.22:999,CO,Unknown
http://31.40.204.250:80,ZZ,Unknown
http://211.197.77.198:3024,KR,Unknown
http://38.191.85.108:999,PE,Unknown
http://103.176.97.196:8082,ID,Unknown
http://181.78.0.34:999,CO,Unknown
http://141.11.187.163:8080,ZZ,Unknown
http://38.156.72.12:8080,ZZ,Unknown
http://209.38.222.145:8080,DE,Unknown
http://103.178.3.248:8080,ID,Unknown
http://103.154.230.104:8090,ID,Unknown
http://190.97.232.249:999,VE,Unknown
http://34.14.143.185:3128,ZZ,Unknown
http://209.14.108.98:999,PE,Unknown
http://202.5.56.227:11726,BD,Unknown
http://181.78.194.249:999,EC,Unknown
http://45.167.125.221:999,CO,Unknown
http://124.108.6.20:8085,ZZ,Unknown
http://187.62.191.3:61456,BR,Unknown
http://201.150.116.32:999,MX,Unknown
http://197.164.101.14:1981,EG,Unknown
http://74.242.169.16:3128,CH,Unknown
http://190.6.54.12:6969,ZZ,Unknown
http://190.60.55.61:8080,CO,Unknown
http://203.190.117.104:8123,ID,Unknown
http://103.162.221.165:3125,ID,Unknown
http://177.234.194.173:999,EC,Unknown
http://218.152.206.92:10080,ZZ,Unknown
http://8.220.188.140:80,PH,Unknown
http://161.248.226.7:80,ID,Unknown
http://103.133.27.42:8090,ID,Unknown
http://103.172.121.53:8080,ID,Unknown
http://45.151.182.9:3128,ZZ,Unknown
http://203.190.117.214:8123,ID,Unknown
http://190.14.231.47:999,CO,Unknown
http://209.14.119.68:999,CO,Unknown
http://35.225.22.61:80,ZZ,Unknown
http://103.154.230.246:8090,ID,Unknown
http://45.151.31.193:3128,RU,Unknown
http://8.220.188.140:8080,PH,Unknown
http://177.241.119.191:8080,MX,Unknown
http://1.20.184.214:8080,TH,Unknown
http://195.62.50.39:8080,ZZ,Unknown
http://165.227.5.10:8888,ZZ,Unknown
http://36.95.16.25:8080,ID,Unknown
http://45.186.209.47:999,VE,Unknown
http://185.83.182.197:8080,AE,Unknown
http://163.61.76.70:8088,ID,Unknown
http://202.53.172.75:1127,BD,Unknown
http://45.78.192.15:3128,SG,Unknown
http://177.71.224.87:3128,ZZ,Unknown
http://103.190.170.130:7777,ID,Unknown
http://8.215.85.201:7777,ID,Unknown
http://103.71.162.8:7777,ID,Unknown
http://150.107.104.199:7777,ID,Unknown
http://103.24.78.222:80,BD,Unknown
http://186.248.239.154:3128,BR,Unknown
http://43.252.107.12:7777,ID,Unknown
http://85.234.83.80:3128,JP,Unknown
http://196.251.131.88:8080,ZA,Unknown
http://177.247.38.86:999,MX,Unknown
http://151.245.215.3:3128,AE,Unknown
http://212.108.115.49:8080,GB,Unknown
http://203.175.103.11:3125,ID,Unknown
http://151.245.215.0:3128,AE,Unknown
http://41.196.16.232:1976,EG,Unknown
http://103.156.74.156:3125,ID,Unknown
http://14.249.143.31:10001,VN,Unknown
http://167.249.52.218:999,AR,Unknown
http://190.237.238.153:999,PE,Unknown
http://190.237.238.246:999,PE,Unknown
http://103.247.82.36:8085,ID,Unknown
http://160.25.56.58:3125,ID,Unknown
http://164.77.40.112:8080,CL,Unknown
http://181.209.96.156:999,AR,Unknown
http://122.52.107.138:8082,PH,Unknown
http://222.127.153.179:8082,PH,Unknown
http://124.217.64.91:8082,PH,Tadlak
http://103.156.17.171:8181,ID,Unknown
http://72.10.160.170:13211,ID,Unknown
http://212.110.188.205:34403,GB,Unknown
http://212.110.188.200:34407,GB,Unknown
http://151.245.215.5:3128,AE,Unknown
http://151.245.215.12:3128,AE,Unknown
http://151.245.215.17:3128,AE,Unknown
http://151.245.215.19:3128,AE,Unknown
http://151.245.215.23:3128,AE,Unknown
http://212.110.188.198:34405,GB,Unknown
http://212.110.188.187:34403,GB,Unknown
http://212.110.188.202:34409,GB,Unknown
http://103.118.44.161:8080,KH,Unknown
http://185.82.99.198:8724,LB,Unknown
http://45.189.116.209:999,PE,Unknown
http://200.7.197.102:999,EC,Unknown
http://78.47.219.204:3128,DE,Nuremberg
http://203.95.196.154:8080,KH,Unknown
http://41.65.71.136:1976,EG,Unknown
http://203.150.128.122:8080,TH,Unknown
http://72.10.160.170:15747,CA,Unknown
http://101.47.73.135:3128,HK,Hong Kong
http://103.180.119.146:8090,ID,Unknown
http://5.104.75.104:3128,DE,Unknown
http://101.66.194.236:8085,CN,Unknown
http://103.156.15.210:1111,ID,Unknown
http://27.147.245.189:7735,BD,Unknown
http://43.134.46.200:3128,SG,Unknown
http://202.53.172.189:1127,BD,Unknown
http://42.116.165.197:10005,VN,Unknown
http://1.55.176.99:10005,VN,Unknown
http://194.233.73.36:8080,SG,Singapore
http://124.217.66.10:8082,PH,Unknown
http://102.221.232.2:8080,ZA,Unknown
http://113.11.179.52:8080,ID,Unknown
http://91.107.129.23:8080,ZZ,Unknown
http://14.229.156.117:8080,VN,Unknown
http://182.253.228.148:8080,ID,Unknown
http://212.68.59.126:8080,ZZ,Unknown
http://135.234.117.41:3128,US,Unknown
http://213.230.110.191:3128,UZ,Unknown
http://37.211.167.124:8080,QA,Unknown
http://213.220.3.183:3128,ES,Unknown
http://125.24.145.3:8080,TH,Unknown
http://93.100.125.249:8080,RU,Unknown
http://194.164.245.125:8080,DE,Unknown
http://103.111.39.179:8080,PK,Unknown
http://109.202.25.118:3128,RU,Unknown
http://106.107.195.68:8080,TW,Unknown
http://62.244.217.130:8080,ZZ,Unknown
http://197.55.207.119:80,EG,Unknown
http://202.21.111.210:8080,MN,Unknown
http://189.176.92.133:8080,MX,Unknown
http://20.169.88.206:3128,US,Unknown
http://124.217.78.93:8082,PH,Unknown
http://89.189.72.195:8080,YE,Unknown
http://89.189.65.183:8080,YE,Unknown
http://103.198.154.196:8080,PK,Unknown
http://82.215.79.242:8080,UZ,Unknown
http://36.64.157.154:8080,ID,Unknown
http://103.47.113.66:3128,HK,Unknown
http://162.43.36.42:8080,JP,Unknown
http://20.31.25.199:3128,ZZ,Unknown
http://89.189.67.131:8080,YE,Unknown
http://89.189.79.253:8080,YE,Unknown
http://194.5.206.118:8080,DE,Unknown
http://188.4.208.70:8080,GR,Unknown
http://125.160.54.179:8080,ID,Unknown
http://49.147.15.49:8080,PH,Unknown
http://134.35.10.78:8080,YE,Unknown
http://101.51.89.85:8080,TH,Unknown
http://46.102.156.19:8080,AT,Unknown
http://109.202.25.115:3128,RU,Unknown
http://125.25.33.227:8080,TH,Unknown
http://36.85.129.109:8080,ID,Unknown
http://5.101.0.233:3128,RU,Unknown
http://185.87.193.198:8080,RU,Unknown
http://172.86.149.88:3128,DE,Unknown
http://102.164.215.223:8080,ZA,Unknown
http://138.59.221.65:8080,BR,Unknown
http://178.20.90.27:8080,DE,Unknown
http://34.101.184.164:3128,ID,Unknown
http://185.225.40.214:8080,SY,Unknown
http://46.225.49.183:8080,DE,Unknown
http://36.77.209.146:8080,ID,Unknown
http://38.60.156.135:8080,TH,Unknown
http://178.230.186.93:8080,ZZ,Unknown
http://167.60.218.9:3128,UY,Unknown
http://91.199.45.219:3128,UA,Unknown
http://103.189.254.140:8080,ID,Unknown
http://61.5.22.129:8080,ID,Unknown
http://49.148.25.239:8080,PH,Unknown
http://103.180.123.229:8080,ID,Unknown
http://91.201.177.216:8080,UA,Unknown
http://103.147.247.193:8080,ID,Unknown
http://113.11.2.104:8080,BD,Unknown
http://125.24.61.182:8080,TH,Unknown
http://158.140.169.165:8080,ID,Unknown
http://178.208.79.183:8080,AT,Unknown
http://57.128.174.79:3128,FR,Unknown
http://171.6.207.125:3128,TH,Unknown
http://182.253.228.148:80,ID,Unknown
http://91.238.105.64:2024,UA,Unknown
http://91.238.104.172:2024,UA,Unknown
http://91.238.104.171:2023,UA,Unknown
http://72.10.160.90:26349,CL,Unknown
http://27.147.155.66:9108,BD,Unknown
http://91.238.104.155:2023,UA,Unknown
http://103.229.14.115:8080,ID,Bandung
http://103.87.202.19:8181,ID,Lamongan
http://182.253.143.201:8080,ID,Unknown
http://52.229.30.3:80,US,
http://116.171.106.78:3000,CN,
http://12.50.107.220:80,US,Jacksonville
http://172.67.211.9:80,US,
http://172.64.154.81:80,ZZ,
http://170.114.46.8:80,US,
http://141.101.121.15:80,ZZ,
http://172.67.145.90:80,US,
http://45.12.30.111:80,RO,
http://45.12.30.154:80,RO,
http://141.101.123.23:80,ZZ,
http://172.67.80.190:80,US,
http://41.191.203.162:80,ZZ,Unknown
http://116.171.106.15:3000,CN,
http://188.114.96.65:80,NL,Amsterdam
http://172.67.180.63:80,US,
http://113.204.79.230:9091,CN,
http://185.162.231.183:80,AM,
http://188.40.57.101:80,ZZ,Unknown
http://174.138.54.65:80,ZZ,Unknown
http://141.101.122.166:80,ZZ,
http://172.67.206.118:80,US,
http://185.238.228.89:80,ES,
http://103.21.244.239:80,US,Ashburn
http://103.21.244.210:80,US,Ashburn
http://172.67.221.168:80,US,
http://156.146.56.231:8081,ZZ,Unknown
http://141.193.213.223:80,US,
http://188.114.99.77:80,ZZ,
http://188.114.96.35:80,NL,Amsterdam
http://23.227.38.241:80,CA,
http://219.93.101.60:80,ZZ,Unknown
http://45.131.208.71:80,NL,
http://103.94.52.70:3128,MM,
http://16.63.207.85:80,CH,Zurich
http://160.153.0.49:80,NL,Amsterdam
http://185.238.228.68:80,ES,
http://103.21.244.35:80,US,Ashburn
http://63.141.128.67:80,US,
http://23.227.38.242:80,CA,
http://45.131.5.116:80,NL,
http://173.245.49.208:80,FR,Paris
http://173.245.49.125:80,FR,Paris
http://188.114.96.29:80,NL,Amsterdam
http://173.245.49.67:80,FR,Paris
http://185.162.231.101:80,AM,
http://185.162.231.219:80,AM,
http://45.131.6.121:80,NL,
http://141.101.123.100:80,ZZ,
http://172.67.254.152:80,US,
http://185.162.231.131:80,AM,
http://35.241.172.224:80,BE,Brussels
http://172.67.188.9:80,US,
http://216.24.57.252:80,US,
http://45.131.4.184:80,NL,
http://185.146.173.20:80,SE,
http://172.67.164.183:80,US,
http://172.67.73.163:80,US,
http://172.64.150.4:80,US,
http://45.131.6.247:80,NL,
http://185.170.166.19:80,GB,
http://45.131.6.173:80,NL,
http://63.141.128.249:80,US,
http://45.12.31.249:80,RO,
http://217.217.254.94:8080,SG,Singapore
http://103.179.253.11:8181,ID,
http://91.98.78.64:80,DE,Nuremberg
http://159.65.230.46:8888,US,North Bergen
http://89.58.57.45:80,ZZ,Unknown
http://81.10.234.234:80,AT,Mauthausen
http://103.68.214.141:8080,ID,
http://103.145.34.166:1111,ID,Umbulan Tebingsuluh
http://154.0.14.116:3128,ZA,Johannesburg
http://116.80.62.22:3128,JP,Yokohama
http://162.240.154.26:3128,US,
http://147.45.179.84:1081,GB,
http://138.68.235.51:80,US,Santa Clara
http://172.67.170.31:80,US,
http://62.72.166.135:80,JO,
http://154.236.177.103:1976,EG,Cairo
http://159.65.245.255:80,US,Clifton
http://221.153.152.43:80,KR,Suwon
http://45.89.220.78:80,NL,Amsterdam
http://186.65.109.21:81,AR,R?o Turbio
http://175.214.151.119:80,KR,Busan
http://102.208.166.248:8082,KE,Nairobi
http://103.99.136.138:8085,ID,
http://103.167.222.76:3125,ID,
http://125.59.132.156:80,HK,
http://123.205.71.210:80,TW,Yunlin
http://142.93.202.130:3128,US,North Bergen
http://91.132.92.231:80,ZZ,Unknown
http://172.64.86.218:80,ZZ,
http://141.101.121.138:80,ZZ,
http://103.21.244.89:80,US,Ashburn
http://103.21.244.134:80,US,Ashburn
http://185.238.228.47:80,ES,
http://141.101.114.233:80,ZZ,
http://185.238.228.57:80,ES,
http://172.67.70.92:80,US,
http://45.12.30.172:80,RO,
http://202.47.65.146:3129,ID,
http://8.212.153.179:8080,PH,Manila
http://175.213.76.24:80,KR,Goyang-si
http://188.213.165.38:80,IT,Arezzo
http://220.116.142.217:80,KR,Nowon-gu
http://220.81.123.23:48678,KR,Daegu
http://103.153.135.69:8083,ID,
http://92.118.115.36:80,KZ,Almaty
http://195.114.209.50:80,ES,
http://47.243.92.199:3128,HK,Hong Kong
http://45.131.6.194:80,NL,
http://141.193.213.58:80,US,
http://172.67.170.23:80,US,
http://185.162.229.220:80,AM,
http://45.12.30.215:80,RO,
http://69.84.182.30:80,US,
http://173.245.49.156:80,FR,Paris
http://23.227.39.241:80,CA,
http://173.245.49.76:80,FR,Paris
http://172.67.181.1:80,US,
http://45.131.7.254:80,NL,
http://102.209.18.96:8080,KE,Nairobi
http://45.12.30.147:80,RO,
http://45.12.30.63:80,RO,
http://27.124.80.58:82,ID,Sleman
http://195.85.23.117:80,CZ,
http://172.64.153.186:80,US,San Francisco
http://45.131.6.190:80,NL,
http://45.12.30.57:80,RO,
http://185.162.229.86:80,AM,
http://172.67.167.154:80,US,
http://185.162.229.75:80,AM,
http://185.162.230.139:80,AM,
http://190.121.151.17:999,CO,Medell?n
http://151.240.0.20:1664,ID,Jakarta
http://45.12.31.64:80,RO,
http://63.141.128.135:80,US,
http://185.238.228.125:80,ES,
http://141.193.213.210:80,US,
http://45.12.30.76:80,RO,
http://173.245.49.124:80,FR,Paris
http://45.131.5.10:80,NL,
http://173.245.49.236:80,FR,Paris
http://103.21.244.131:80,US,Ashburn
http://172.67.189.42:80,ZZ,
http://141.193.213.65:80,US,
http://209.38.51.97:3128,US,Clifton
http://185.83.182.197:443,ZZ,Unknown
http://94.182.177.92:80,ZZ,Unknown
http://185.238.228.20:80,ES,
http://170.9.13.229:3128,US,San Jose
http://103.21.244.27:80,US,Ashburn
http://201.159.111.121:8081,MX,Apodaca
http://185.238.228.45:80,ES,
http://194.152.44.250:80,EE,
http://103.21.244.160:80,US,Ashburn
http://103.21.244.241:80,US,Ashburn
http://171.250.48.242:8080,VN,Ho Chi Minh City
http://188.132.222.164:8080,TR,Antakya
http://180.190.238.62:8080,PH,Iloilo City
http://124.121.109.236:8080,TH,Bangkok
http://124.105.102.143:8081,PH,Makati City
http://154.16.146.43:80,US,Denver
http://209.135.168.41:80,ZZ,Unknown
http://41.191.203.164:80,LS,
http://172.64.83.178:80,ZZ,
http://159.112.235.28:80,US,
http://141.101.120.225:80,ZZ,
http://45.85.119.130:80,RO,
http://185.162.231.250:80,AM,
http://45.12.30.70:80,RO,
http://103.118.46.61:8080,KH,
http://185.162.231.225:80,AM,
http://185.162.231.39:80,AM,
http://103.21.244.47:80,US,Ashburn
http://103.21.244.223:80,US,Ashburn
http://141.101.115.2:80,ZZ,
http://172.67.182.111:80,US,
http://173.245.49.9:80,FR,Paris
http://173.245.49.192:80,FR,Paris
http://173.245.49.152:80,FR,Paris
http://66.235.200.96:80,US,
http://172.67.251.202:80,US,
http://103.21.244.83:80,US,Ashburn
http://103.21.244.67:80,US,Ashburn
http://103.21.244.132:80,US,Ashburn
http://103.21.244.219:80,US,Ashburn
http://173.245.49.93:80,FR,Paris
http://185.170.166.150:80,GB,
http://45.225.105.172:8080,EC,Machala
http://45.131.7.84:80,NL,
http://45.131.6.139:80,NL,
http://103.21.244.204:80,US,Ashburn
http://103.21.244.175:80,US,Ashburn
http://103.21.244.166:80,US,Ashburn
http://103.21.244.105:80,US,Ashburn
http://185.238.228.227:80,ES,
http://45.131.6.128:80,NL,
http://141.193.213.18:80,US,
http://185.162.228.25:80,AM,
http://45.131.4.231:80,NL,
http://172.66.42.3:80,US,
http://141.101.120.49:80,ZZ,
http://185.18.250.158:80,CH,
http://141.101.90.97:80,US,
http://173.245.49.33:80,FR,Paris
http://164.38.155.8:80,GB,
http://103.21.244.151:80,US,Ashburn
http://103.21.244.107:80,US,Ashburn
http://172.67.181.201:80,US,
http://185.162.231.53:80,AM,
http://63.141.128.80:80,US,
http://103.21.244.123:80,US,Ashburn
http://103.21.244.16:80,US,Ashburn
http://141.193.213.136:80,US,
http://172.65.90.47:80,ZZ,
http://63.141.128.232:80,US,
http://63.141.128.123:80,US,
http://23.227.39.113:80,CA,
http://172.67.70.53:80,US,
http://45.12.31.116:80,RO,
http://172.67.90.216:80,US,
http://172.67.251.80:80,US,
http://141.101.121.209:80,ZZ,
http://141.101.123.9:80,ZZ,
http://172.65.90.3:80,ZZ,
http://45.131.4.95:80,NL,
http://103.21.244.189:80,US,Ashburn
http://173.245.49.11:80,FR,Paris
http://45.85.119.244:80,RO,
http://173.245.49.151:80,FR,Paris
http://172.67.70.247:80,US,
http://63.141.128.187:80,US,
http://159.112.235.151:80,US,
http://172.67.181.173:80,US,
http://103.21.244.199:80,US,Ashburn
http://103.21.244.155:80,US,Ashburn
http://103.21.244.76:80,US,Ashburn
http://173.245.49.0:80,FR,Paris
http://103.21.244.182:80,US,
http://159.112.235.163:80,US,
http://103.21.244.159:80,US,Ashburn
http://45.12.31.12:80,RO,
http://103.21.244.20:80,US,Ashburn
http://173.245.49.32:80,FR,Paris
http://173.245.49.100:80,FR,Paris
http://185.162.229.25:80,AM,
http://173.245.49.172:80,FR,Paris
http://172.67.220.35:80,US,
http://185.238.228.30:80,ES,
http://141.193.213.250:80,US,
http://185.162.231.94:80,AM,
http://185.162.228.156:80,AM,
http://45.131.7.234:80,NL,
http://141.101.120.170:80,ZZ,
http://141.101.120.201:80,ZZ,
http://31.43.179.145:80,KZ,
http://185.162.230.252:80,AM,
http://45.131.7.12:80,NL,
http://141.101.120.31:80,ZZ,
http://172.67.130.37:80,US,
http://172.67.136.41:80,US,
http://45.12.30.217:80,RO,
http://172.67.177.156:80,US,
http://23.227.38.47:80,CA,
http://172.67.181.186:80,US,
http://160.153.0.118:80,US,
http://63.141.128.70:80,US,
http://185.162.230.254:80,AM,
http://173.245.49.246:80,FR,Paris
http://173.245.49.155:80,FR,Paris
http://221.153.92.39:80,KR,Yongin-si
http://170.114.46.1:80,US,
http://63.141.128.102:80,US,
http://103.21.244.185:80,US,Ashburn
http://185.162.229.124:80,AM,
http://103.21.244.5:80,US,Ashburn
http://108.162.198.28:80,ZZ,
http://103.21.244.65:80,US,Ashburn
http://103.21.244.7:80,US,Ashburn
http://141.193.213.135:80,US,
http://185.238.228.28:80,ES,
http://45.131.5.157:80,NL,
http://66.235.200.161:80,US,
http://103.21.244.174:80,US,Ashburn
http://103.21.244.19:80,US,Ashburn
http://103.21.244.14:80,US,Ashburn
http://173.245.49.37:80,FR,Paris
http://49.4.117.146:3128,CN,Beijing
http://102.177.176.20:80,ZA,
http://172.64.33.169:80,ZZ,
http://66.235.200.189:80,US,
http://172.67.169.151:80,US,
http://173.245.49.89:80,FR,Paris
http://173.245.49.245:80,FR,Paris
http://45.8.211.33:80,RU,
http://172.67.156.241:80,US,
http://172.67.161.211:80,US,
http://173.245.49.205:80,FR,Paris
http://172.64.40.184:80,US,
http://141.193.213.105:80,US,
http://103.21.244.94:80,US,Ashburn
http://103.21.244.80:80,US,Ashburn
http://103.21.244.168:80,US,Ashburn
http://103.21.244.137:80,US,Ashburn
http://103.21.244.111:80,US,Ashburn
http://216.24.57.3:80,US,
http://172.67.170.9:80,US,
http://103.21.244.36:80,US,Ashburn
http://103.21.244.29:80,US,Ashburn
http://141.101.121.129:80,ZZ,
http://172.67.181.251:80,US,
http://172.67.161.212:80,US,
http://45.131.6.140:80,NL,
http://185.162.229.225:80,AM,
http://185.162.228.44:80,AM,
http://96.113.159.162:80,US,
http://58.216.109.17:800,CN,
http://120.132.52.172:8888,CN,
http://177.131.113.108:3128,BR,Chapec?
http://177.135.230.82:80,BR,Goi?nia
http://135.125.174.192:80,ZZ,Unknown
http://14.42.58.191:80,KR,Goyang-si
http://4.195.16.140:80,ZZ,Unknown
http://172.65.90.0:80,ZZ,
http://8.219.77.141:80,SG,
http://40.177.65.8:80,CA,Calgary
http://65.1.148.157:80,IN,Mumbai
http://113.108.13.120:8083,CN,
http://211.128.96.206:80,ZZ,
http://203.99.240.182:80,JP,
http://203.99.240.179:80,JP,
http://34.194.41.221:80,US,Ashburn
http://172.64.78.71:80,ZZ,
http://18.216.55.100:80,US,Columbus
http://103.21.244.53:80,US,Ashburn
http://103.21.244.49:80,US,Ashburn
http://103.21.244.186:80,US,Ashburn
http://141.101.90.106:80,ZZ,
http://141.101.90.109:80,ZZ,
http://172.64.78.198:80,ZZ,
http://172.64.78.69:80,ZZ,
http://172.65.90.1:80,ZZ,
http://218.77.183.214:5224,CN,
http://172.64.78.34:80,ZZ,
http://13.230.34.30:80,JP,Tokyo
http://103.21.244.63:80,US,Ashburn
http://23.227.38.142:80,CA,
http://172.65.90.46:80,ZZ,
http://35.174.151.247:80,US,Ashburn
http://172.64.78.50:80,ZZ,
http://172.64.78.193:80,ZZ,
http://172.64.78.163:80,ZZ,
http://103.21.244.240:80,US,Ashburn
http://103.21.244.60:80,US,Ashburn
http://103.21.244.191:80,US,Ashburn
http://103.21.244.176:80,US,Ashburn
http://103.21.244.108:80,US,Ashburn
http://103.21.244.226:80,US,Ashburn
http://103.21.244.220:80,US,Ashburn
http://103.21.244.211:80,US,Ashburn
http://45.131.7.106:80,NL,
http://173.245.49.131:80,FR,Paris
http://58.216.109.14:800,CN,
http://154.16.146.47:80,US,Denver
http://192.73.244.36:80,ZZ,Unknown
http://23.247.136.254:80,ZZ,Unknown
http://143.42.66.91:80,ZZ,Unknown
http://221.231.13.198:1080,CN,
http://189.202.188.149:80,MX,Kanas?n
http://190.58.248.86:80,TT,San Juan
http://36.138.53.26:10017,CN,
http://32.223.6.94:80,US,Danbury
http://50.122.86.118:80,US,Danville
http://62.99.138.162:80,AT,Vienna
http://213.33.126.130:80,AT,Vienna
http://213.143.113.82:80,AT,Vienna
http://194.158.203.14:80,BY,Minsk
http://185.162.231.32:80,AM,
http://108.162.198.40:80,ZZ,
http://172.64.149.59:80,US,
http://172.67.167.104:80,US,
http://185.238.228.192:80,ES,
http://185.162.228.113:80,AM,
http://36.136.27.2:4999,CN,
http://120.92.212.16:8890,CN,
http://45.166.93.113:999,HN,Gracias
http://39.185.41.193:5911,CN,Ningbo
http://120.92.212.16:7890,CN,
http://162.241.207.217:80,US,
http://172.67.206.64:80,US,
http://172.64.144.237:80,US,
http://172.67.182.108:80,ZZ,
http://172.67.182.20:80,ZZ,
http://45.131.7.58:80,NL,
http://23.227.38.234:80,CA,
http://45.12.30.110:80,RO,
http://8.35.211.68:80,ZZ,
http://172.67.180.80:80,ZZ,
http://172.67.64.19:80,US,
http://190.93.244.118:80,US,San Jose
http://141.101.123.51:80,ZZ,
http://185.162.229.150:80,AM,
http://154.159.247.119:8080,KE,Nairobi
http://41.191.203.167:80,ZZ,Unknown
http://206.238.237.253:80,SG,Singapore
http://172.67.170.29:80,US,
http://63.141.128.98:80,US,
http://45.131.5.49:80,NL,
http://31.43.179.11:80,KZ,
http://175.139.233.76:80,MY,Kota Kinabalu
http://45.131.6.101:80,NL,
http://160.153.0.32:80,NL,Amsterdam
http://159.112.235.148:80,US,
http://185.162.228.14:80,AM,
http://159.112.235.65:80,US,
http://173.245.49.228:80,FR,Paris
http://185.162.230.199:80,AM,
http://188.114.97.1:80,AT,Vienna
http://172.67.146.112:80,US,
http://185.162.228.52:80,AM,
http://45.131.5.42:80,NL,
http://45.131.5.128:80,NL,
http://185.162.231.30:80,AM,
http://173.245.49.122:80,FR,Paris
http://50.203.147.154:80,US,Plaistow
http://173.245.49.161:80,FR,Paris
http://173.245.49.119:80,FR,Paris
http://173.245.49.42:80,FR,Paris
http://219.93.101.62:80,ZZ,Unknown
http://45.131.5.72:80,NL,
http://141.193.213.251:80,US,
http://185.162.228.38:80,AM,
http://45.131.5.67:80,NL,
http://185.85.111.18:80,ZZ,Unknown
http://31.145.149.75:9090,TR,Be?ikta?
http://112.93.118.61:3128,CN,Foshan
http://103.156.17.158:8818,ID,
http://173.245.49.150:80,FR,Paris
http://173.245.49.64:80,FR,Paris
http://8.35.211.201:80,ZZ,
http://63.141.128.254:80,US,
http://219.93.101.63:80,ZZ,Unknown
http://91.172.54.203:80,FR,Saint-Julien-en-Genevois
http://141.193.213.94:80,US,
http://190.94.212.249:999,VE,Caracas
http://35.209.198.222:80,US,Council Bluffs
http://89.208.85.78:443,RU,
http://61.158.175.38:9002,CN,Shangqiu
http://182.155.200.61:80,TW,Taichung
http://31.43.179.251:80,KZ,
http://185.162.228.133:80,AM,
http://172.67.133.179:80,US,
http://45.131.4.94:80,NL,
http://45.12.31.95:80,RO,
http://172.64.155.170:80,US,
http://5.161.155.252:80,ZZ,Unknown
http://8.219.97.248:80,ZZ,Unknown
http://8.220.177.199:8080,ZZ,Unknown
http://20.44.206.138:80,ZZ,Unknown
http://20.81.205.173:80,ZZ,Unknown
http://31.220.78.244:80,ZZ,Unknown
http://34.80.202.6:3128,ZZ,Unknown
http://34.81.160.132:80,ZZ,Unknown
http://35.194.228.247:3128,ZZ,Unknown
http://35.202.49.74:80,ZZ,Unknown
http://41.191.203.161:80,ZZ,Unknown
http://41.220.16.215:80,ZZ,Unknown
http://41.220.16.218:80,ZZ,Unknown
http://43.153.182.11:7777,ZZ,Unknown
http://47.74.157.194:80,ZZ,Unknown
http://64.225.4.85:9997,ZZ,Unknown
http://64.225.8.115:9994,ZZ,Unknown
http://66.80.0.115:3128,ZZ,Unknown
http://69.48.201.94:80,ZZ,Unknown
http://71.19.249.97:8443,ZZ,Unknown
http://78.28.152.113:80,ZZ,Unknown
http://82.180.132.69:80,ZZ,Unknown
http://85.214.204.79:80,ZZ,Unknown
http://91.109.204.213:80,ZZ,Unknown
http://93.127.163.52:80,ZZ,Unknown
http://95.163.153.116:44937,ZZ,Unknown
http://98.142.253.50:1080,ZZ,Unknown
http://116.130.233.22:3129,ZZ,Unknown
http://117.251.103.186:8080,ZZ,Unknown
http://123.126.158.50:80,ZZ,Unknown
http://139.99.237.62:80,ZZ,Unknown
http://145.100.181.155:80,ZZ,Unknown
http://147.75.34.105:443,ZZ,Unknown
http://160.20.55.235:8080,ZZ,Unknown
http://181.143.143.125:999,ZZ,Unknown
http://185.88.141.109:80,ZZ,Unknown
http://185.200.119.90:8443,ZZ,Unknown
http://193.53.127.169:80,ZZ,Unknown
http://196.1.93.16:80,ZZ,Unknown
http://197.221.240.246:80,ZZ,Unknown
http://197.243.20.178:80,ZZ,Unknown
http://201.174.175.82:999,ZZ,Unknown
http://212.23.175.80:8443,ZZ,Unknown
http://217.162.8.134:80,ZZ,Unknown
http://219.65.73.81:80,ZZ,Unknown
http://16.163.88.228:80,ZZ,Unknown
http://35.185.254.159:80,ZZ,Unknown
http://35.189.183.169:3128,ZZ,Unknown
http://47.100.207.117:8080,ZZ,Unknown
http://47.242.3.214:8081,ZZ,Unknown
http://64.225.8.179:10000,ZZ,Unknown
http://82.69.16.184:80,ZZ,Unknown
http://103.147.182.36:80,ZZ,Unknown
http://103.149.130.38:80,ZZ,Unknown
http://103.157.219.4:80,ZZ,Unknown
http://103.163.51.254:80,ZZ,Unknown
http://103.170.185.226:80,ZZ,Unknown
http://103.210.57.243:80,ZZ,Unknown
http://104.199.219.13:3128,ZZ,Unknown
http://115.239.234.43:7302,ZZ,Unknown
http://122.175.58.131:80,ZZ,Unknown
http://128.199.202.122:8080,ZZ,Unknown
http://134.209.29.120:3128,ZZ,Unknown
http://138.68.60.8:3128,ZZ,Unknown
http://139.59.1.14:8080,ZZ,Unknown
http://159.203.61.169:3128,ZZ,Unknown
http://163.181.123.54:8080,ZZ,Unknown
http://167.71.5.83:3128,ZZ,Unknown
http://198.199.86.11:3128,ZZ,Unknown
http://201.182.251.140:999,ZZ,Unknown
http://203.85.120.69:8080,ZZ,Unknown
http://209.97.150.167:3128,ZZ,Unknown
http://220.67.2.2:80,ZZ,Unknown
http://221.226.109.229:7302,ZZ,Unknown